RESNT,RESNE,RESSE,RESST,RESMW,INDNT,INDNE,INDSE,INDST,INDMW,COMNT,COMNE,COMSE,COMST,COMMW,OTHNT,OTHNE,OTHSE,OTHST,OTHMW
348584.78,1098663.59,3694385.61,1132506.01,506540.49,840290.35,2015783.31,6977470.82,1810980.19,364326.99,193809.56,589290.26,2450453.29,704001.74,307282.07,191749.65,753375.22,1807214.68,862625.1,329024.31
323402.68,1000221.33,3511541.26,1121970.48,472102.53,810256.28,1942019.69,7084622.66,1931866.43,372651.51,175495.3,550772.61,2396965.2,733894.86,290146.85,198294.33,646754.37,1721584.39,902496.09,321111.92
320237.37,1049437.16,3629455.43,1108027.32,493180.88,880887.96,2082250.48,7087613.26,2149030.63,408630.62,182756.9,573027.99,2402520.74,738457.06,307100.15,190294.46,668027.48,1784206.25,903255.39,325931.88
339774.86,1097250.59,3733863.11,1132047.07,506070.92,861612.1,2056946.75,7384539.63,2164762.2,419430.051,189490.76,603938.73,2580913.88,743570.47,329160.91,207984.39,703863.41,1802006.34,832931.4,356024.78
332154.91,1033006.84,3537268.72,1082102.57,492808.31,901709.8,2100191.37,7258306.72,2164980.22,407523.81,191642.19,570176.52,2344084,696579.47,303237.91,199972.02,720209.79,1766969.28,779363.9,362218.13
332089.22,1002350.77,3433442.5,1056850.13,466358.82,906709.59,2105230.03,7501655.14,2143096.96,450943.9,194163,573743.48,2159479.47,627651.66,284962.96,208420.1,727977.46,1803940.3,728964.81,374931.18
328423.06,969181.4,3457622.77,1066704.84,470538.95,936236.12,2157223.26,7580439.22,2169915.3,462993.05,194497.31,539451.79,2233526.25,636654.44,283104.36,205846.08,710317.67,1822697.22,725518.31,395113.27
338836.36,962934.27,3453322.43,1070192.4,479191.68,979205.39,2205098.53,7710195.65,2223451.74,474389.47,198855.04,544149.72,2192652.02,645522.79,286087.95,212999.1,726332.07,1833404.77,714015.51,406020.9
351459.29,1041242.4,3596160.18,1100557.28,514970.9,916923.36,2185140.64,7747917.02,2150364.23,460469.51,204079.81,577055.22,2359084.75,664784.32,316317.19,214694.08,766592.08,1890523.79,738705.75,435409.44
353206.64,1046248.88,3608130.03,1069478.33,529450.12,947638.03,2227272.24,7762817.38,2130103.06,466901.98,204616.96,585636.25,2415035.59,657062.43,325638.6,218705.12,798723.62,2053894.16,734053.68,421507.84
362279.36,1083211.65,3608514.98,1071489.88,505694.41,934564.96,2196814.57,7869101.61,2027557.96,419737.75,208618.78,614453.09,2418875.16,677551,313670.57,214175.36,813985.52,1908302.43,752820.39,365704.62
355893.7,1104220.24,3569437.91,1100567.13,513252.35,952561.92,2234001.87,7777337.34,1995865.76,432117.01,208270,631929.63,2503405.09,730944.37,325587.5,223895.24,800357.98,1900467.61,837837.1,364156.68
355959.69,1166974.25,3873894.22,1194715.76,526993.91,923505.7,2163115.35,7298293,1866926.4,398912.671,204290.06,642308.3,2564318.11,763906.01,317721.49,203783.13,802778.03,1781983,983868.02,341190.34
336135.27,1132479.36,3616967.02,1161664.28,511087.25,899364.1,2012795.6,7377941.5,2049609.24,406829.49,190882.29,621586.28,2471439.25,764488.64,317209.68,192742.71,759176.87,1690707.09,990823.7,334551.35
341724.52,1137173.86,3711050.63,1155063.52,520203.14,928585.68,2157383.72,7406089.29,2142695.5,430507.219,200009.46,636501.89,2584264.96,793611.23,338132.26,199277.87,761142.02,1815242.99,978502.96,361468.79
350369.27,1145853.58,3923734.98,1180033.86,531746.47,894471.92,2133404.49,7745456.13,2137584.31,463072.03,201345.27,640080.82,2701315.3,790952.72,353385.71,205700.05,756076.59,1933901.19,888437.25,378579.97
338680.99,1118875.72,3655561.35,1099102.06,505927.33,940021.18,2227816.09,7505360.76,2171215.21,447906.4,202821.74,634012.42,2502344.1,712920.46,325504.97,207884.67,757896.45,1918697.22,816582.85,393018.64
352715.7,1071456.85,3710837.24,1128836.79,517429.16,920067.47,2151482.29,7506187.5,2132785.85,429883,209084.89,600850.18,2463655.85,707961.12,315967.2,210419.9,751425.51,1953186.4,790740.03,401208.99
356661.32,1047171.87,3626333.22,1112987.62,501666.47,934866.83,2237703.67,7608434.85,2147746.49,501694.12,212586.15,589066,2354907.38,685081.57,305615.83,214803.48,769836.94,1919442.99,778746.38,416963.94
360832.65,1071179.65,3635143.35,1129753.91,507765.4,941679.64,2266149.14,7923120.96,2149185.32,474577.509,210946.71,606901.6,2334136.73,686421.95,303312.48,211998.31,795420.17,1946115.59,778297.81,431415.93
381554.99,1077986.32,3819948.18,1130082.28,539782.89,926258.06,2242895.36,8006237.17,2062708.11,462484.19,220038.3,616000.47,2511682.21,687756.06,325756.44,224309.45,826898.7,2054121.27,773584.79,445042.84
372756.49,1112111.1,3773672.97,1112763.34,546683.39,980173.96,2220117.96,7770444.78,2092679.05,448952.46,219890.83,645190.05,2520176.28,688045.03,338841.95,223357.13,872120.07,2010554.52,775274.93,421505.76
384562.16,1149668.47,3774517.72,1116744.96,550947.91,962516.13,2204171.08,7721847.19,2114081.32,442648.14,220663.72,667010.74,2581206.12,722608.16,345377.98,219944.73,898540.85,2011871.89,794907.99,403779.96
360952.97,1161649.19,3869508.31,1156844.27,528775.05,969813.58,2291626.13,7747979.76,2104743.62,435690.88,218718.7,689891.21,2634338,786290.9,333229.94,224783.17,862297.37,1865068.2,900864.09,362080.73
352085.9,1175576.25,3895001.66,1217744.51,527223.76,959507.45,2209932.03,7352617.28,1915943.5,413400.39,209088.56,661527.69,2638036.11,805834.37,328508.72,207249.95,866145.9,1809965.16,988077.39,347444.04
343002.27,1126753.31,3891194.99,1237780.71,533084.27,898997.79,2065904.52,7567739.16,2084453.74,427236.22,200085.75,650098.96,2793260.58,838272.07,343952.34,204266.09,861284.29,1926622.89,1026715.81,362780.74
344412.75,1204843.11,4121516.62,1206397.34,531347.13,986674.18,2273992.75,7503660.59,2165590.58,452409.13,203756.45,675512.25,2815357.39,832411,348033.53,206216.57,821673.77,1832682.15,1007110.47,364229.97
348151.66,1183946.03,3957603.72,1184330.48,555793.89,962768.3,2218404.65,7745038.38,2162330.62,443265.85,208147.27,670385.79,2772579.39,816441.74,366139.71,214586.16,783601.9,2018996.94,899440.03,376000.5
345137.54,1153080.36,3811707.88,1096409.5,527020.4,989261.02,2209976.91,7592673.94,2181245.05,433597.02,205987.62,642831.96,2534542.5,702202.01,333044.66,213573.01,787942.32,1946910.2,827284.44,390610.22
355133.19,1120182.07,3828065.92,1145519.92,514691.71,969701.93,2222917.28,7722371.4,2208094.95,445602.75,215486.83,625764.58,2454776.73,709154.91,314402.2,221598.08,800658.13,1964668.96,817015.99,412990.07
369331.67,1104726.03,3768572.19,1138292.48,511993.02,998856.35,2281263.65,7736312.54,2211594.78,468523.76,218195.57,613783.3,2392105.96,697170.25,309259.43,226545.66,760387.16,2084715.83,800315.59,421864.01
372153.48,1108110.02,3774739.54,1150879.67,534088.99,1027668.14,2363385.12,8024272.93,2262835.13,485878.94,220969.11,630410.57,2497543.54,734546.27,324756.06,231152.15,837493.92,2055513.77,809699.94,440138.77
397911.68,1137729.28,3888549.52,1140225.48,563954.62,1005213.9,2309747.22,7876455.23,2185915.63,448150.369,236940.71,642212.56,2575626.79,713323.3,343910.62,246248.17,861264.01,2093634.64,802038.02,447578.79
397548.65,1189699.45,3901043.1,1130931.65,563013.11,1025941.27,2384510.83,7889940.14,2196101.03,456123.01,233801.54,670020.58,2609244.89,722952.96,345771.09,242667.95,897270.07,2053169.61,802398.86,431375.53
402093.22,1252975.55,3997650.46,1203159.64,582829.61,1003097.61,2302683.54,8027414.31,2196501.28,460141.49,231299.7,696129.85,2703651.23,782297.68,354850.9,235083.08,880942.52,1993907.48,861990.66,362421.55
380070.6,1218118.2,4016722.91,1195034.21,556938.88,1017455.11,2303704.5,7857892.2,2135109.54,452401.92,228112.67,708719.83,2842322.46,820171.44,353014.75,238731.56,892166.98,1972710.6,924560.08,380020.59
377018,1259580,4183534,1327669,562552,1001672,2346146,7828726,1973574,442003,220446,708971,2789730,874357,348076,234572,870131,1897880,1027829,425238
364503,1208193,4000465,1269714,550066,939507,2151323,7966169,2179652,446983,215023,687911,2786112,877843,357054,233953,835725,1862613,1024728,367132
352883,1194430,4219240,1275474,552290,1021864,2336520,8156928,2279174,482012,212495,678862,2939192,901913,367008,233295,775635,1973182,967498,393005
371967,1244458,4223592,1291818,596991,993228,2332459,8415087,2276808,493541,223502,709879,3043236,912558,398166,244170,831151,2079457,923475,425201
371605,1218867,4104316,1243434,553266,1044904,2378276,8352175,2278877,503524,227031,694475,2764729,822368,355515,245887,841124,2069308,875162,438074
381288,1205705,3887323,1193009,536836,1028834,2350757,8376953,2348131,477637,235693,680629,2581799,752167,336852,253503,842490,2044414,821300,431440
374013,1177362,3813598,1172657,533647,1057886,2464630,8223929,2334740,488018,229867,656287,2522240,742666,335828,251026,833607,2029775,806835,451688
392888,1185584,3979163,1249110,537771,1073292,2497613,8409270,2364694,515134,234881,672509,2513753,761564,337518,249647,857246,2068546,819277,461673
408304,1164758,4058552,1238276,579422,1047069,2444460,8606355,2296248,472146,247138,655473,2738950,788053,357569,262096,883333,2181653,835264,470617
409738,1226991,4053969,1216932,604146,1089167,2545273,8466749,2378625,472265,246043,704745,2748375,798207,384442,261577,963985,2219557,846630,498319
422501,1286044,4229638,1238824,591274,1060552,2485964,8655071,2362177,461380,249274,738916,2904284,832584,380583,263255,991791,2194272,861325,444782
405279,1305312,4116989,1218277,572267,1079234,2544495,8518635,2307713,442546,245754,757671,2916529,863827,377881,260750,939302,2069159,943346,419960
396323,1360681.7,4412691,1380788,583757,1018836,2450368.41,7733400,2119140,471604,230613,755505.85,2955693,917398,368312,244548,938833.31,2055849,1073752,387853
380864,1332020,4340742,1324724,580367,994743,2345793.44,7795758,2365869,464457,223092,733385.48,2937432,908819,387276,237597,873570.73,2014795,1090135,399501
374421,1306497.9,4179036,1276707,556939,1056570,2463790.99,8217728,2447493,468976,225883,750417.14,2924592,940638,400726,243632,845199.83,1972575,1058996,407897
386480,1299819.1,4225451,1264139,578792,1028025,2431139.65,8124682,2445728,495474,228057,729704.06,2918220,921767,408354,246337,805958.48,2016561,972710,425258
399647,1316167.7,4386332,1255075,576659,1045144,2555968.05,8244852,2395505,549954,235734,731480.8,2896774,833209,393319,252509,833290.84,2049304,898549,450490
399430,1246959.4,4153532,1252972,568337,1076699,2460915.02,8273796,2447151,521959,240994,701720.2,2695492,809086,381899,263820,831440.17,2057625,859072,500089
405359,1256700.2,4186405,1258858,546183,1088127,2520052.38,8470316,2519353,556421,244538,697763.74,2685032,795902,367343,260522,859673.71,2110243,844914,476646
434435,1266490.6,4292183,1296088,591435,1104095,2544382.96,8715979,2513341,533992,257333,701447.67,2791889,839748,393645,270944,887909.4,2183841,871006,523344
455038,1275642.9,4208021,1258612,618394,1097599,2523542.2,8557011,2462391,539531,272428,727886.98,2844662,839605,419838,287422,934641.61,2259323,852141,530357
453242,1358839.8,4413750,1268536,625417,1141517,2542113.34,8623648,2511561,567346,272712,779849.14,2955147,835353,417652,283711,1004242.1,2239442,866012,513687
452781,1361440.1,4456627,1306813,660058,1082316,2431768.09,8358730,2360372,539862,267746,783882.59,3108391,894521,446955,278901,1008457.73,2240363,879379,490803
431406,1398059.4,4222422,1280988,609814,1059609,2332714.88,7399288,2137241,488320,263904,815130.72,2971975,917164,417864,277399,989934.49,2066164,1030638,449243
437714,1447974,4648272,1419724,650865,1037755,2188819,6430384,1817769,449192.6,249229,775561,2989284,940797,412876,257215,927977,2056408,1101182,427664.2
400108,1369074,4425160,1354039,601070,913234,2100025,6748877,2083857,491349.7,237819,762097,3049301,973068,420232,253001,867489,1967195,1054176,423971.01
393057,1413760,4666872,1397087,618907,994988,2315996,6940310,2269584,528604.5,236283,780341,3230457,1014927,436319,258162,880906,2093926,1061014,446249.01
413043,1455395,4574496,1388854,640315,1003787,2197203,7200761,2258660,539185.3,241730,797078,3167307,1016634,462811,260467,858171,2084966,1007408,474521.5
406935,1389283,4466390,1299824,625858,1008672,2226386,7042743,2157697,540882.6,245073,749042,2929088,897256,427058,262879,825095,2061930,911663,471698.3
411397,1340100,4263405,1299676,594716,1055170,2200537,7179707,2258974,522402.5,255387,740745,2782927,845908,406469,271869,841114,2104080,856485,484101.45
429684,1353994,4390194,1338723,592316,1059580,2289010,7391798,2306998,563387,261549,738731,2758765,832818,404980,272880,875625,2115122,836506,512331.23
453741,1426344,4521489,1381261,620129,1067632,2380810,7724095,2323431,565483.1,270606,768563,2816727,847192,425996,282912,925559,2096132,840304,523799.5
475717,1438256,4516470,1336852,649506,1037046,2387863,7902183.1,2326758,573476,283421,779862,2949799,858948,431992,293350,975264,2148536,840066,511300.71
472878,1488745,4587326,1317935,658857,1078596,2449863,8013929,2408122,601240.4,283368,825015,3066268,870072,448454,300980,1016152,2190997,844821,495914.74
484073,1520234,4586570,1379266,665609,1062416,2339666,8103644.4,2363884,545593.2,288432,835007,3227613,959801,452903,297448,1010965,2141100,888865,463730.6
478521,1577336,4768804,1396936,655034,1051091,2412350,7855316.2,2387378,522509.9,291678,896312,3413601,1035231,457754,300426,1082070,2164241,919838,456767.6
460383,1577345,4934723,1576494,686131,1058953,2396403,7348949,2103829.3,516413,266606,833708,3260027,1048371.6,441939,279402.75,932490.35,2140439.3,1070011.41,427842
442546,1521047,4805332,1489158,654256,1005539,2319484,7871394,2363640,517463,258873,817319,3293548,1063736,451653,269851.75,931582,2143149,1062813,447374
466995,1671008,4841148,1488181,685415,1087391,2545879,8094400,2500191,538018,276651,907111,3408517,1091851,478299,276285.82,994963,2177851,1119762,466965
487028,1659728,4871630,1443291,688573,1075714,2413117,8406675,2484250,541330,286058,860800,3346021,1045106,471662,297215.49,950395,2200796,1009616,486855
479188,1616156,4594567,1349500,669588,1117008,2498868,8324792,2540499,544008,285313,871460,3122012,929995,449067,293931,973148,2198821,910907,528150
497484,1601998,4520711,1388083,667520,1102059,2475946,8546983,2499092,555482,294885,842657,2950238,895372,436909,303816,985119,2194772,870072,540261
490071,1541855,4385968,1394531,635114,1123716,2529928,8520574,2556817,572328,287235,802952,2820500,893902,419079,294766,969547,2209435,861690,539341
492103,1512802,4674267,1455445,677680,1147489,2501509,8694721,2537355,575311,293976,809353,3001909,915299,430695,294970.23,1009529,2285735,847400,555846
529944,1550927,4715169,1402641,705315,1131039,2489714,8725859,2491263,567371,310910,823253,3116562,939703,467416,308018.51,1032400,2422644,877955.5,574167
541500,1608710,4722642,1357167,721029,1153543,2574711,8657739,2494709,553389,316766,868076,3132785,914797,480282,313888.53,1071747,2304932,861633.46,538879
525898,1696902,4672324,1360716,706899,1123001,2458766,8702507,2497801,534564,308172,910543,3179251,960696,474647,304985.57,1070225,2155425,939342.69,495316
509429,1725786,4941867,1415916,708846,1139047,2383534,8611134,2506253,528846,304723,958912,3524145,1033456,484237,307346.71,1097533,2229113,1073605.69,472710
496172,1751761,5255305,1602622,704339,1143714,2299052,8236130,2263560,524730,287442,900535,3487149,1111866,463075,288427.26,1037252,2269110,1307085,444418
452353,1597702,5083728,1598947,672452,1072677,2100852,8295036,2468655,549480,269817,863871,3573759,1149499,474008,268434.66,940214,2265746,1287306,460380
477637,1713392,5128653,1490633,697532,1198426,2436151,8345401,2600288,608079,281341,915968,3553530,1130888,491601,278524.05,961325,2363265,1214137,463919
471596,1681904,4937010,1433329,712847,1170586,2406830,8606025,2555782,595285,287353,906484,3512605,1079477,511819,289128.05,971336,2313391,1114645,490886
487643,1662459,4856402,1426433,704884,1189244,2400047,8421831,2613650,629808,296332,871547,3310453,1036168,487547,289675.39,965257,2320294,1071733,524580
520799,1605866,4678006,1403302,659843,1177387,2373296,8614877,2597122,624375,317205,853586,3113468,975806,458609,308212.72,976295,2331183,1034941,535395
513870,1639149,4784552,1516995,673879,1216444,2474532,8522025,2574899,647774,312853,843446,3078427,960757,458793,308348.62,979495,2346624,1029160,535270
541456,1636046,4840012,1494340,689462,1226399,2548648,8763759,2651379,662981,325461,874836,3194445,998381,486099,313526.84,1033468,2450927,1033476,570711
567602,1668339,5036380,1494136,757502,1187593,2456364,8795554,2595756,696133,338933,886611,3355404,1013575,518579,325319.34,1081712,2566285,1030398,593014
567178,1704764,4905359,1420907,766759,1249837,2479536,8608766,2634417,698062,336425,918578,3359320,1020582,521573,322679.38,1113321,2511683,1042808,561216
548988,1723018,4885526,1404883,740908,1182417,2398891,8698497,2522348,682107,327343,933587,3402946,1036634,507183,310405.77,1082284,2391735,1081881,506808
548931,1778139,4957747,1453631,744657,1211039,2365679,8472685,2544109,688542,336838,993314,3524609,1126012,517171,319123.78,1107066,2342759,1220449,489448
524135,1827785,5138107,1584090.55,726118,1227090,2381665,8004138,2277436.83,676695,317278.69,973416,3512097,1165205.63,498280,300401.4,1114962,2261076,1326544.19,468646
503434,1704591,5111298,1658097.77,727504,1207458,2317090,8292046,2555499.8,687299,318568.28,936435,3587243,1246471.47,519423,292311.26,1052320,2349341,1352713.44,481387
503494,1838823,5470926,1706808.42,750552,1289056,2470223,8440739,2654943.26,723797,337721.06,989802,3863736,1307533.47,538035,309387.37,1108905,2455441,1356831.14,506357
532486,1779375,5308429,1533564.47,774281,1195259,2405568,8642446,2607044.67,679791,327528.77,971116,3812378,1194041.53,550976,306631.01,1115494,2532433,1200330.64,526696
552161,1811928,4954256,1461139.14,752535,1223341,2455473,8371133,2480566.98,733688,342348.62,990934,3479759,1075804.65,527687,312309.53,1178040,2439390,1124236.11,543461
566437,1775115,5033564,1490069.5,739704,1154501,2274534,8448415,2588740.94,692637,345116.19,956091,3433501,1035926.52,511065,316219.64,1129551,2427593,1065384.32,544228
551450,1698329,4828556,1503946.07,692016,1185483,2404130,8322721,2605383.01,696205,337284.1,911282,3262130,1022001.59,500685,323430.81,1098067,2348784,1057573.62,567690
592424,1740365,4979107,1557201.85,752539,1198167,2480087,8540168,2689542.52,719883,363540.57,949890,3403874,1077418.37,508434,336389.14,1153222,2469982,1067318.08,600050
604096,1723840,5108683,1510699.22,801211,1153441,2451344,8614670,2626978.45,726628,359159.67,937373,3562736,1099316.65,543301,338995.5,1175686,2618253,1103234.63,602050
608315,1797350,5068966,1489158.07,824192,1191284,2430348,8569742,2595793.69,760576,367209.91,977689,3608276,1073768.49,564561,338973.49,1222310,2590991,1093097.42,623413
628098,1822908,5369591,1566444.17,852344,1126450,2428398,8573104,2648674.08,693483,369796.48,998921,3916528,1182225.55,583870,359717.19,1170881,2626358,1146547.76,579245
597632,1874692,5223040,1628533.3,809315,1123279,2403412,7967830,2585629.01,753691,357563.27,1027733,3869697,1260976.1,563596,331898.76,1172909,2445609,1250141,517908
577517,2002181,5757901,1758505,828781,1144503,2421483,7819121,2300699,683716,347061,1041841,3997152,1260627,555787,323371.74,1194223,2515712,1297272,539356
560166,1980331,5425917,1711710,796405,1060110,2274556,8154579,2606710,694360,333251,1038983,3839762,1268508,554904,312678.72,1158624,2355226,1365807,513064
543558,2000446,5373723,1631377,807892,1182951,2435956,8164832,2647015,717277,335947,1069844,3901778,1268178,570834,315735.55,1199698,2466885,1287383,520882
591995,2083364,5329736,1513471,783019,1177230,2457017,8463316,2712615,782062,357678,1094925,3844698,1178874,574613,334201.43,1217246,2459698,1167163,530742
595852,1995023,5269471,1565432,816136,1151217,2442460,8454482,2744237,776968,360796,1056280,3701361,1160503,553971,346298.57,1166464,2486507,1143500,557903
616782,1897430,5185998,1594070,797911,1116462,2362673,8359244,2733601,754078,369874,998773,3589719,1088309,547999,346415.01,1125654,2517694,1082386,542626
623393,1927736,5063741,1634801,772664,1205501,2479206,8292903,2729981,782894,368353,989871,3474863,1080262,540289,365273.03,1138106,2500002,1099110,628996
629182,1918626,5200951,1715613,816125,1200793,2462536,8561514,2831514,829957,378295,1014840,3513265,1139007,556073,351126.26,1184760,2562357,1111084,635658
640168,1956622,5196437,1644068,813870,1183453,2351602,8498742,2746171,813739,380901,1030792,3688878,1108043,551707,366665.16,1197704,2643278,1074679,637205
687065,2054166,5313978,1620013,870074,1253335,2398416,8542498,2788473,803974,403748,1100343,3855692,1129613,581839,376438.38,1279627,2613395,1116775,599542
675367,2072616,5420982,1628086,913837,1212737,2307338,8669644,2814731,805936,394478,1106281,4049906,1219401,612093,359023.54,1273466,2625441,1187308,571618
683978,2075421,5407419,1653801,885062,1288230,2330512,8256004,2678820,767873,400897,1115960,4171501,1279086,604773,365630.24,1211867,2546900,1274279,558365
651827,2222412,5991046,2012159,920875,1246234,2323979,7830818,2422689,713066,364824,1120445,4297545,1371375,590863,338087,1219592,2584931,1526864,530128
640104,2115977,6082595,2166045,874137,1152125,2195186,8268487,2759996,731557,356026,1116123,4571717,1552666,607802,328718,1193613,2840214,1540887,559512
665706,2152217,5783428,1810905,876245,1245479,2363825,8000471,2709287,760217,366477,1123509,4297438,1354454,602341,335005,1218001,2701263,1407278,495883
649978,2127397,5477028,1657560,868377,1229091,2255959,8229108,2768306,777727,372337,1130430,4172930,1304682,607386,349921,1169863,2572509,1276932,594333
705888,2164510,5455670,1663029,888051,1258279,2200859,8002092,2693261,788237,387384,1110861,4004548,1210462,590316,355776,1207189,2605884,1228178,580025
693230,2035296,5106123,1660066,827154,1196030,2103024.88,7922678,2675047,786638,389131,1076772,3705710,1129243,561269,365006,1163065,2558616,1162859,609515
813791,2072771,5294663,1690827,784886,1253372,2234428,7587191,2677890,800810,387745,1061101,3668148,1120099,535480,366971,1186374,2561348,1151144,617770
634342,2027166,5191948,1722603,864433,1253295,2303223,7958162,2781366,838309,406366,1085434,3724566,1190076,583005,363949,1236897,2563630,1178729,643195
755837,2060440,5194803,1650393,914142,1265909,2272311,7828535,2786801,821318,427993,1116911,3836984,1185527,618628,387153,1271733,2668685,1164694,666179
756891,2154008,5560649,1662746,1006315,1256398,2281391,7822355,2789768,779435,420243,1167133,4140729,1228703,658484,392344,1326958.59,2781223,1241487,673180
745283,2172997,5714131,1780429,969551,1230244,2251591,8197214,2823739,752973,412618,1199429,4335580,1363207,663288,374111,1295600.39,2721185,1297461,650095
761455,2190944,5508771,1801652,897948,1243764,2204816,7797703,2680875,720739,431540,1200076,4224267,1391738,608295,379374,1263366.03,2567847,1392320,570817
726570.36,2302666,6476567,2062995.71,989503,1236241.36,2133514.26,7344251.25,2364735.4,677273.79,382900.84,1185404,4476630,1423852.02,607356,374945.33,1283873.02,2645815,1479155.19,583718
677514,2240786,5957795,1967877,936289,1144326,2031019.05,7831951.87,2730946.3,706405.38,376873,1179050,4446794,1468664,618484,366740,1238426.76,2633286,1497782,668257
680311,2213527,5573471,1802427,828374,1249395,2212021.67,7736995.41,2637162,754616.95,391184,1197847,4320106,1394635,604008,388460,1218336.36,2519481,1444630,591976
675513,2232375,5415655,1724335,841785,1198513,2034218.83,7917888.02,2758168.6,730230.84,380982,1192788,4326175,1378983,627793,391870,1211871.01,2555420,1374565,627541
679533,2218162,5176493,1588736,878861,1255339,2016991.94,7666694.63,2648654.3,742489.46,385433,1196284,3979116,1203345,599558,398107,1222318.01,2474148,1242875,629224
695205,2120820,4852845,1593710,850268,1216684,1969210.87,7623855.64,2637245,728993.73,389646,1135185,3802300,1174355,571174,391503,1210499.59,2473590,1162576,664000
746477,2025226,4913722,1605688,819639,1269982,1929690.92,7453325.47,2559948,740471.37,416243,1083527,3661598,1116501,560693,400938,1177045.53,2504276,1164403,667049
763948,2000513,5080894,1621249,846311,1284346.49,1992131.39,7615559.17,2648851.5,745062.64,420605,1117185,3772081,1180559,586995,423078,1224052.92,2616460,1197884,720919
820516,2086557,5030736,1557532,941162,1268086,1863705.34,7514243.01,2592008.35,763874.55,446105,1149289,3780478,1161470,623827,429737,1285911.35,2593951,1182999,749462
884653,2162718,5465728,1611874,1008380,1280572,1939351.35,7532545.94,2558755.84,805939.05,460262,1182344,4136559,1197395,654211,424525,1350182.39,2679713,1193314,747643
872136,2193135,5457842,1612892,995736,1230461,1885783.4,7404271.1,2595098.54,757946.88,447321,1210805,4262362,1211843,658369,408190,1364982.45,2712357,1216862,726462
851295,2317043,5383171,1603341,928685,1251870,1830673.72,7100173.94,2490414.22,721602.89,445125,1267860,4258472,1247150,633402,414344,1377047.59,2617565,1263886,666839
759843,2295490,5864497,1951618,958648,1215996,1808016.07,6678699.68,2213223.33,704567.99,392658,1191688,4227956,1352653,595818,366220,1239379.03,2542848,1460897,580185
740736,2191346,5615379,1888454,916030,1198858.6,1789841,7198404.04,2568402.52,740348.5,389776,1158481,4167271,1394509,604299,379428,1138168.91,2514006,1555612,577986
751194,2315129,5532807,1782753,934360,1304121,1937272.65,7306777.62,2626701.59,753411.53,405899,1249510,4155268,1357823,629526,402504,1290296.85,2616501,1492710,600349
747941,2307869,5907371,1817400,1001892,1196602,1802337.94,7507463.2,2704555.48,765269.68,392009,1217130,4398022,1383419,655886,390719,1281541.78,2707369,1420792,663831
754695,2255249,5330941,1706584,884863,1277905,1962335.83,7338229.16,2610477.78,751502.71,415427,1196339,3960712,1215606,590955,414420,1307594.1,2673245,1326819,674773
783331,2219377,5076992,1683387,850866,1208497,1908742.28,7395682.86,2622059.8,746912.79,416102,1170478,3611034,1082493,567827,410896,1297447.5,2567880,1256196,674208
796979,2100992,4937481,1704822,840346,1287561,1994339.97,7423662.38,2613429.9,763185.84,421191,1109719,3507200,1099260,548693,395126,1258624.83,2520644,1247928,684056
822097,2114946,4997655,1638519,854555,1264582,1958852.89,7569354.76,2645533.8,796910.49,420317,1144042,3524375,1095412,565417,425619,1301124.31,2620217,1230332,704073
830479,2194120,5299383,1626257,939832,1266014,1887278.1,7540403,2620122.5,744367.5,422149,1176506,3706102,1101469,592166,400519,1365899.83,2693487,1239875,698631
828560,2219979,5282756,1596120,928149,1285887,1896152.91,7456991.9,2536800.19,761756.13,425284,1202077,3698574,1099866,605408,406799,1363089.11,2709246,1219599,674748
834314,2310009,5407188,1627834,954610,1278865,1885328.51,7434144.46,2598047.96,720873.74,418111,1236229,3902049,1178434,600328,422701,1386682.39,2618097,1285982,654421
826045,2385414,5543528,1690320,911754,1255955,1846958.19,7170265.88,2550281.4,705768.17,390239,1269711,4015309,1256083,594544,424320,1362285.34,2539266,1448185,594563
746531,2274880,5934320,2006171,943733,1267995,1866307.17,6924323.08,2378484.3,718014.73,380583,1191037,4219888,1384355,602590,373096,1373881.12,2607626.18,1538436,636912
678124,2215583,5629521,1948153,898287,1145929,1725746.2,7267815.14,2629958.57,687037.5,358759,1165026,4152985,1386440,620443,369817,1235078.57,2533586,1556194,631904.51
725088,2335888,6041993,2085597,960387,1277627,1938395.02,7183811.96,2741178.26,753130.12,390712,1219738,4276384,1456678,621080,402037,1294996.51,2670502,1561703,608668.29
725326,2281067,5431606,1729936,967545,1215167,1785893.36,7630039.32,2779694.72,732499.86,388390,1208650,4124395,1330808,645209,392166,1285720.24,2691557,1435401,649360.79
791781,2321918,5290835,1599966,934559,1296350,1803006.16,7100244.02,2662653.25,762787.33,420969,1204251,3885942,1139470,597857,425353,1343262.81,2608238,1289107,676136.75
806273,2241692,5139605,1684856,918285,1253966,1848400.95,7426304.27,2702525.2,754035.41,416895,1177000,3677308,1142548,596465,414710,1324764.96,2616297,1275047,697287.3
767490,2085165,5061387,1679450,835237,1319608,1940132.18,7396435.66,2692241.17,779707.98,405600,1092688,3490184,1117027,549914,389410,1263993,2544325,1262421,707847.37
847732,2110113,4974452,1666071,876881,1321958,1945240.62,7451707.09,2799596.3,783367.26,437404,1127467,3443507,1140863,569504,433942,1320907.98,2632151,1273569,709295.6
865723,2177898,5307233,1718434,1027419,1251426,1833640.87,7616036.89,2782941.5,790809.23,431453,1143147,3723379,1188087,628875,443977,1349721.94,2702817,1291775,734133
867252,2278110,5361592,1678750,988992,1314996,1938004.8,7481015.31,2708244.1,780744.13,438035,1209333,3852910,1194519,614601,427126,1445383.68,2747066,1296537,713061
851687,2357774,5537482,1693977,1021212,1266066,1882757.78,7737430.05,2722376.6,761899.43,427501,1245718,3978215,1207313,632604,420647,1419198.4,2662274,1309001,691755
823516,2378954,5544800,1755588,938621,1273070,1862948.99,7612805.1,2658069.7,746490.07,413124,1271428,4051793,1280794,602648,407884,1389347.05,2538608,1434176,621461
749421.41,2361905.28,5863374.74,1991357.91,991187.15,1293988.95,1794335.16,7505760.37,2558668.87,728351.63,383694.94,1194153.97,4079859.22,1351221.99,602521.61,385792.56,1364775.73,2629370.13,1625375.55,598767.63
721929.39,2298488.62,5718346.8,1946358.47,973765.15,1193865.18,1639747.92,7364372.73,2635613.32,691032.32,365332.56,1167658.31,4054596.12,1365541.5,618940.93,369411.63,1246368.29,2552283.94,1624013.24,620899.33
749308.89,2335814.6,5957651.95,1917646.56,989901.67,1311227.38,1783651.14,7995341.3,2841469.35,765522.97,402732.88,1201575.33,4218605.66,1401412.64,641182.83,405304.44,1260618.13,2681354.02,1611430.51,633359.37
761092.73,2366882.78,5957746.23,1836582.89,1010648.51,1110102.94,1837390.8,7812471.7,2812492.05,775213.04,394826.41,1194859.2,4242007.67,1365752.57,649982.55,413291.69,1266413.51,2720560.17,1512564.56,650260.25
784448.36,2280119.85,5536523.8,1826147.81,973480.85,1048149.42,1877538.97,7496034.92,2631082.81,757653.6,406346.79,1179365.6,3926689.96,1294824.43,610420.1,427950.1,1318904.67,2777175.13,1438211.62,671315.76
776976.32,2278070.87,5320617.83,1781848.34,908682.24,1000828.81,1848623.36,7476361.22,2643086.22,776006.18,402220,1148011.55,3645483.17,1130663.52,559116.48,403898.43,1321862.09,2736697.82,1345274.78,698233.85
782045.64,2144669.21,5186862.74,1768601.64,908422.43,1064459.07,1968866.56,7789892.33,2852111.97,810814.5,405698.53,1091109.43,3569521.86,1118044.11,562709.62,406248.82,1315749.02,2726501.75,1311198.21,723432.47
797188.52,2215549.81,5116358.31,1748057.67,931628.27,1035203.26,1949005.77,7914508.05,2899814.3,872793.3,426941.79,1145210.5,3574641.82,1157135.16,590919.36,429660.24,1378131.64,2772679.19,1336581.27,753187.78
804932.52,2230595.94,5360841.69,1751267.98,981923.48,1038594.82,1846362.06,7702179.41,2720058.11,816481.88,422602.77,1146311.78,3707136.11,1145578.72,609321.51,422962.71,1413411.48,2829560.96,1338431.46,750024.15
861574.38,2378989.64,5482086.27,1729765.97,1074488.61,1055636.94,1947564.77,7933622.88,2838796,850366.26,455827.65,1224244.75,3895858.85,1199662.74,654977.87,455420.01,1502658.57,2798600.82,1319030.71,734002.56
841536.64,2518675.39,5585816.77,1771098.41,1041678.63,1019286.11,1926539.92,7871137.65,2758092.94,797039.67,436701.15,1263488.31,3980072.99,1253653.13,639864.481,426114.27,1475538.58,2717401.26,1390663.59,690393.61
738718.12,2346242.11,5687378.5,1835186.92,1026433.92,1040528.48,1910217.68,7420486.9,2593429.21,794927.86,400246.4,1223283.23,4140014.85,1347100.58,643124.25,405767.22,1369122.09,2773634.44,1501265.91,674211.22
726873.89,2433230.06,6389713.75,2302787.45,1085468,1057234.28,1901190.21,7545071.06,2614120.02,772201.68,393236.52,1244524.44,4370412.12,1482138.21,635107.65,385839.44,1386575.92,2660740.57,1601589.38,657697.72
713768.6,2421842.06,6188834.49,2226479.09,1075743.54,939391.68,1821777.73,7285407.15,2716159.72,776136.45,384184.47,1258333.58,4365503.77,1523768.42,677702.42,384034.12,1319021.22,2744776,1664689.05,675113.77
731745.1,2541247.5,6072326.77,1999924.05,1038806.5,1048819.08,1870741.27,7556147.4,2798578.6,769546.2,404139.41,1293170.39,4303462.82,1399618.12,654262.15,415887.06,1344418.93,2694392.72,1569307.64,639908.92
751878.26,2381421.36,5610277.99,1806674.27,1019206.67,992356,1832546.34,7494815.66,2827373.61,751878.62,410519.64,1265485.66,4115920.49,1343136.01,646878.87,413055.48,1293948.43,2606645.17,1493701.61,664939.56
777286.91,2490241.54,5785412.47,1822174.45,1051478.28,1061169.92,1896488.5,7597072.46,2834365.99,808867.65,425585.28,1285962.69,4141318.7,1276694.79,638217.14,424700.95,1382369.46,2663198.92,1441646.16,675751.81
782406,2330185.46,5269701.4,1714445.28,953578.42,1090461.71,1775269.4,7384030.63,2793948.65,779991.51,421486.17,1209099.31,3726295.96,1176295.47,607637.13,425329.82,1309884.2,2600751.56,1373644.52,712079.52
807440.68,2300502.01,5152317.89,1761217.46,930807.81,1152862.7,1858686.95,7434148.68,2813399.66,836412.99,434296.43,1189921.4,3547092.23,1158707.53,585240.06,425893.67,1323043.91,2566028.72,1347860.14,719526.69
817871.16,2206131.189,5201820.4,1797404.56,963776.83,1195972.47,1801580.77,7485987.95,2844378.55,857644.52,444999.81,1171069.56,3575391.82,1156687.29,597455.68,422372.29,1366502.05,2636944.4,1371503.96,725726.58
855773.27,2263214.84,5376428.22,1770890.63,1112872,1165926.77,1711854.67,7411806.67,2741019.93,834274.65,456322.4,1207621.73,3768173.45,1162529.551,649814.76,460003.32,1450696,2735613.91,1357512.52,769489.1
826928.21,2467785.96,5668331.09,1849757.05,1160311.57,1232301.95,1844100.27,7616448.53,2850856.82,854835.85,451289.67,1286049.94,4084436.14,1255707.23,677209.23,454811.09,1540428.04,2801668.54,1390412.99,753651.74
837489.03,2565288.66,5967915.87,1913587.31,1139397.29,1200189.88,1794957.13,7523365.03,2813231.79,824741,451874.12,1330201.16,4293625.28,1336587.36,683111.37,435878.77,1633192.64,2838132.71,1457423.49,751762.58
837765.26,2674692.67,5682864.17,1918579.33,1086804.56,1255437.81,1845277.06,7086548.22,2615961.23,791173.57,452906.55,1390622.27,4194165.77,1358280.48,652004.73,448643.09,1626151.83,2629573.02,1574181.36,679743.84
799553.99,2590818.6,6159440.55,2244223.38,1114472.03,1268198.69,1823641.05,7075127.61,2562605.06,790429.29,422928.21,1283465.06,4229303.52,1453545.7,630451.27,399562.67,1423410.81,2693630.5,1656268.63,633022.49
795848.71,2456879.88,5890216.51,2141096.92,1099186.62,1196516.68,1791916.37,7341090.19,2769213.31,790105.09,433890.96,1263177.76,4191409.47,1487690.13,663055.61,406268.32,1295231.93,2571724.23,1655326.03,647529.12
809202.84,2599627.78,5894607.34,2044196.85,1084224.54,1167035.35,1752589.25,7587633.16,2775842.579,834606.27,418878.09,1252062.85,4072869.14,1419091.75,653189.23,416488.9,1324619.09,2665981.4,1644851.39,643926.69
825129.74,2667831.01,5678227.67,1995891.87,1151277.89,1071840.93,1435287.16,6503650.03,2377962.25,769313.88,348651.25,992342.48,3318789.03,1176546.53,551958.33,380534.48,1266267.95,2564013.13,1460884.82,647201.32
821867.7,2587578.16,5426561.29,1850035.83,1069858.79,1115443.39,1569821.06,6357405.9,2420715.55,842070.98,342109.66,935126.08,2982078.07,1016722.31,498100.52,373321.3,1263205.13,2612069.88,1324765.45,644544.91
829361.51,2424709.65,5400703.22,1779342.7,961847.85,1141098.87,1627797.6,6477438.84,2465185.59,829520.59,363211.46,912009.92,2860468.24,998792.29,476803.07,371344.44,1269141.67,2577291.03,1259615.21,669367.74
873226.26,2421274.85,5496332.29,1915802.07,999892.96,1209729.75,1812750.65,7279625.71,2734190.649,865348.51,407643.72,979271.87,3015118.17,1032480.91,500366.51,403396.58,1315464.87,2590039.84,1234560.93,709156.87
896083.83,2354042.64,5671486.5,1879434.44,1050728.41,1276211.14,1802110.71,7697947.12,2855863.68,897169.23,436043.83,1006838.13,3198268.55,1056951.35,552356.9,422919.95,1357815.46,2757005.26,1250615.12,744213.9
941909.92,2458563.62,5756787.24,1928535.81,1154591.72,1255313.68,1869810.85,7723166.65,2918141.41,877278.11,447735.19,1078204.8,3431648.9,1109652.33,599034.17,435854.92,1415665.269,2873474.6,1240360.94,758590.03
961023.48,2628028.79,6241392.02,1953028.27,1306605.7,1311627.45,1989742.67,8042502.86,3037212.11,904680.27,456181.74,1188117.14,3890202.22,1176296.78,642505.571,426534.69,1558154.29,3050309.53,1284601.15,794794.94
926030.92,2680088.25,5999234.94,1950981.34,1221558,1237752.24,1811252.34,7878698.53,3004998.61,849755.16,440280.13,1146756.66,3718646.92,1217800.9,626656.25,399176.76,1370680.41,2780783.02,1371067.66,715230.62
856867.66,2741443.78,6377972.01,2116828.31,1219580.31,1272312.84,1831074.38,7832769.48,2875937.45,846516.67,435348.25,1178772.67,3965808.83,1309577.27,630870.11,422831.94,1353274.6,2630930.52,1470947.68,710677.9
830281.77,2758984.88,6571311.64,2260371.61,1176796.01,1272332.54,1907279.7,7817703.85,2828849.7,801044.35,388117.66,1218404.85,3952140.43,1336389.05,576475.77,386476.1,1515548.95,2660915.34,1652979.13,618194.45
803678,2619758.51,6192199.7,2107756.15,1092833.16,1212014.56,1818732.98,7665683.16,2845218.26,803945.5,366806.42,1192529.07,3907837.64,1369100.81,601318.439,376613.28,1395532.42,2600284.61,1618006.61,664340.25
820022.59,2727749.08,6321507.66,2190795.2,1144302.68,1317432.86,1944025.33,8360051.95,3054222.87,873175.54,379847.88,1188932.46,4350944.92,1389025.74,613689.65,385913.04,1382345.85,2753417.41,1584258.98,634672.76
864941.75,2774864.34,6349461.85,2109543.78,1196650.69,1319085.48,1886532.1,8072102.2,3090411.761,842210.57,401927.55,1148005.6,3699088.1,1340832.76,588701.86,397565.8,1409476.38,2737219.699,1555574.27,648235.34
859232.55,2536646.39,5591479.32,1867454.95,1061918.82,1366749.98,1929676.99,7868586.7,3046678.64,882255.35,426270.62,1137901.67,3386139.8,1215562.25,570426.32,404514.34,1355222.14,2715348.36,1431474.12,697016.52
904297.4,2562742.67,5515166.54,1860431.55,1113624.14,1314088.53,1879278.51,7953131.38,2988768.77,871323.63,441305.5,1144011.42,3380464.82,1133485.66,578895.77,400305.04,1426873.35,2632514.33,1345186.62,733169
865062.79,2474296.29,5368102.25,1949842.02,995637.72,1337574.84,1965784.24,8035625.75,3036166.611,885249.42,442172.08,1134246.32,3255572.69,1141324.16,544362.17,404040.81,1404067.84,2658474.809,1317434.13,725804.9
922471.5,2458291.46,5427367,1966281.85,1005481.59,1339021.9,1982101.92,8081751.07,3084654.169,899538.75,496728.82,1158115.23,3335749.7,1194668.58,570095.58,403242.65,1493284.74,2722258.741,1333064.07,754405.71
991349.19,2556014.75,5966265.78,1836843.1,1244793.59,1301097.44,1897920.19,8099669.86,2992738.75,869882.73,471629.18,1195847.63,3793595.29,1206573.721,647928.36,426818.99,1527361.57,2850676.731,1318483.9,789828.86
976563.68,2674100.08,5749800.09,1878201.85,1254586.97,1330432.19,1996411.56,8293165.59,3035353.16,896881.11,476740.35,1261807.91,3876230.49,1236932.95,660884.84,435385.08,1620870.9,2878828.06,1301045.15,787926.52
959784.1,2665297.58,5674930.14,1945156.41,1141214.85,1336294.64,1960261.34,8172170.27,3007550.191,880617.33,460621.59,1286761.94,3857150.33,1309950.8,634195.57,422134.62,1559162.36,2599498.65,1354735.69,712731.79
